{
    "name": "vide",
    "title": "Vide",
    "description": "Easy as hell jQuery plugin for video backgrounds.",
    "keywords": [
        "jquery",
        "video",
        "background",
        "ui",
        "responsive",
        "declarative"
    ],
    "version": "0.3.0",
    "author": {
        "name": "Ilya Makarov",
        "email": "dfrost.00@gmail.com",
        "url": "http://vodkabears.github.io/"
    },
    "maintainers": [
        {
            "name": "Ilya Makarov",
            "email": "dfrost.00@gmail.com",
            "url": "http://vodkabears.github.io/"
        }
    ],
    "licenses": [
        {
            "type": "MIT",
            "url": "https://github.com/VodkaBears/Vide/blob/master/MIT-LICENSE"
        }
    ],
    "bugs": "https://github.com/VodkaBears/Vide/issues",
    "homepage": "http://vodkabears.github.io/vide/",
    "docs": "https://github.com/VodkaBears/Vide#readme",
    "download": "https://github.com/VodkaBears/Vide/archive/master.zip",
    "dependencies": {
        "jquery": ">=1.11.0"
    }
}
